id	lead1_worker1	full_worker1	lead1_worker2	full_worker2	lead1_worker3	full_worker3	lead1_result	full_result
XIN_ENG_20010609.0211	2	2	2	2	2	2	2	2
AFP_ENG_20060615.0549	3	3	3	3	3	3	3	3
AFP_ENG_20070417.0472	3	3	3	3	3	3	3	3
APW_ENG_20070828.1035	2	2	1	1	2	1	2	1
XIN_ENG_20090218.0036	1	1	1	1	1	1	1	1
AFP_ENG_19951121.0568	2	2	2	2	2	2	2	2
XIN_ENG_20090210.0243	2	2	1	1	2	2	2	2
XIN_ENG_20090225.0081	2	2	2	2	2	2	2	2
AFP_ENG_19960427.0279	1	1	1	1	1	1	1	1
APW_ENG_20070830.0046	1	1	1	1	1	1	1	1
XIN_ENG_20071125.0190	1	1	1	1	1	1	1	1
AFP_ENG_20060615.0411	1	1	1	1	1	1	1	1
APW_ENG_20070828.1141	1	1	1	1	1	1	1	1
XIN_ENG_20090219.0116	2	1	1	1	2	2	2	1
AFP_ENG_19951127.0492	1	1	1	1	1	1	1	1
APW_ENG_19980812.0102	2	2	1	1	2	2	2	2
AFP_ENG_20070131.0188	2	1	1	1	1	1	1	1
APW_ENG_20050619.0098	1	1	1	1	1	1	1	1
APW_ENG_19960821.0117	2	2	2	2	2	2	2	2
XIN_ENG_19980214.0102	2	2	1	1	1	1	1	1
APW_ENG_20030513.0445	1	1	1	1	1	1	1	1
NYT_ENG_20100413.0146	3	3	3	3	3	3	3	3
APW_ENG_20041204.0156	2	2	2	2	2	2	2	2
APW_ENG_20030509.0583	2	1	2	1	2	1	2	1
XIN_ENG_20010622.0105	1	1	1	1	1	1	1	1
AFP_ENG_20081103.0378	1	1	1	1	1	1	1	1
CNA_ENG_20091030.0001	1	1	1	1	1	1	1	1
XIN_ENG_20010611.0007	2	1	1	1	1	1	1	1
AFP_ENG_20060615.0671	1	1	1	1	1	1	1	1
AFP_ENG_20070104.0301	1	1	1	1	1	1	1	1
APW_ENG_19960508.4077	2	2	2	1	2	2	2	2
APW_ENG_19960513.1002	2	2	2	2	2	2	2	2
APW_ENG_19970709.0909	2	2	2	2	2	2	2	2
XIN_ENG_20010611.0051	2	2	2	2	2	2	2	2
AFP_ENG_19970307.0619	1	1	1	1	1	1	1	1
AFP_ENG_20070109.0277	2	2	2	2	2	2	2	2
LTW_ENG_20080522.0055	2	3	2	3	2	3	2	3
AFP_ENG_20081103.0648	2	1	2	2	2	2	2	2
APW_ENG_19970709.0320	2	2	2	2	2	2	2	2
APW_ENG_19960801.0953	2	2	2	1	2	1	2	1
APW_ENG_20090818.1072	1	1	1	1	1	1	1	1
APW_ENG_20030515.0226	1	1	1	1	1	1	1	1
APW_ENG_20041201.0059	2	1	1	1	1	1	1	1
APW_ENG_20090805.0565	1	1	1	1	1	1	1	1
APW_ENG_19970709.0882	2	2	2	2	2	2	2	2
XIN_ENG_20010617.0051	2	2	2	2	2	2	2	2
AFP_ENG_19970306.0360	1	1	1	1	1	1	1	1
AFP_ENG_19960428.0001	1	1	1	1	1	1	1	1
APW_ENG_20070829.0058	2	1	1	1	1	1	1	1
XIN_ENG_20090219.0153	2	3	1	3	2	3	2	3
AFP_ENG_19951128.0031	1	1	1	1	1	1	1	1
NYT_ENG_20100415.0108	2	1	2	1	2	1	2	1
APW_ENG_20041222.0127	1	3	1	3	1	3	1	3
APW_ENG_20030509.0540	2	3	2	3	2	3	2	3
APW_ENG_19980812.0336	1	1	1	1	1	1	1	1
AFP_ENG_20070115.0576	1	1	1	1	1	1	1	1
APW_ENG_20050610.0380	1	1	1	1	1	1	1	1
NYT_ENG_19980911.0121	2	1	1	1	2	1	2	1
NYT_ENG_20100411.0070	2	3	2	3	2	3	2	3
APW_ENG_20030530.0549	2	3	2	3	2	3	2	3
APW_ENG_20090802.0201	1	1	1	1	1	1	1	1
APW_ENG_20070801.0947	2	1	2	1	2	1	2	1
APW_ENG_20030513.0735	2	2	2	2	2	1	2	2
XIN_ENG_20010612.0011	1	1	1	1	1	1	1	1
AFP_ENG_19970306.0402	1	1	1	1	2	1	1	1
AFP_ENG_20070417.0534	2	1	2	1	2	1	2	1
APW_ENG_19970712.0218	1	1	2	1	2	1	2	1
XIN_ENG_20090224.0409	1	1	1	1	1	1	1	1
AFP_ENG_20070417.0550	2	2	2	2	2	2	2	2
APW_ENG_19970712.0751	2	1	1	1	1	1	1	1
XIN_ENG_20010622.0062	3	3	3	3	3	3	3	3
AFP_ENG_20060601.0325	2	1	1	1	1	1	1	1
AFP_ENG_20060626.0607	1	1	1	1	1	1	1	1
AFP_ENG_20070106.0068	1	1	1	1	1	1	1	1
AFP_ENG_19960423.0288	2	1	2	1	2	1	2	1
XIN_ENG_20041130.0002	1	1	1	1	1	1	1	1
AFP_ENG_19970330.0061	2	2	2	2	2	1	2	2
CNA_ENG_20091019.0030	1	1	1	1	1	1	1	1
APW_ENG_20070829.0429	1	1	1	1	1	1	1	1
XIN_ENG_20090219.0183	1	1	1	1	1	1	1	1
AFP_ENG_19951128.0063	1	1	1	1	1	1	1	1
APW_ENG_19980814.0116	2	2	2	2	2	2	2	2
AFP_ENG_20070131.0415	3	3	3	3	3	3	3	3
APW_ENG_20050619.0361	1	1	1	1	1	1	1	1
APW_ENG_19960825.0388	2	2	2	2	2	2	2	2
XIN_ENG_19980206.0066	1	1	1	1	1	1	1	1
APW_ENG_20030529.0723	2	2	2	2	2	2	2	2
NYT_ENG_20100418.0127	1	1	1	1	1	1	1	1
APW_ENG_20090821.0360	1	1	1	1	1	1	1	1
APW_ENG_20050620.1149	2	1	1	1	2	1	2	1
AFP_ENG_19951113.0233	1	1	1	1	1	1	1	1
APW_ENG_19980816.0383	1	1	1	1	1	1	1	1
APW_ENG_19970709.0466	2	1	2	1	2	1	2	1
APW_ENG_19980814.0610	1	1	1	1	1	1	1	1
AFP_ENG_20070131.0456	3	3	3	3	3	3	3	3
APW_ENG_20050622.0049	2	2	2	1	2	1	2	1
XIN_ENG_20010622.0091	2	1	2	1	2	1	2	1
AFP_ENG_20070418.0110	3	3	3	3	3	3	3	3
AFP_ENG_20070418.0449	3	3	3	3	3	3	3	3
APW_ENG_20070829.0679	1	1	2	1	1	1	1	1
XIN_ENG_20090218.0089	1	1	1	1	1	1	1	1
AFP_ENG_20060629.0280	3	3	3	3	3	3	3	3
AFP_ENG_20060627.0164	1	1	1	1	1	1	1	1
AFP_ENG_20070115.0434	1	1	1	1	1	1	1	1
AFP_ENG_19960423.0260	1	1	1	1	1	1	1	1
NYT_ENG_19980909.0506	2	1	2	1	2	1	2	1
XIN_ENG_20041115.0119	1	1	1	1	1	1	1	1
AFP_ENG_20070428.0103	2	2	2	1	2	2	2	2
APW_ENG_20070829.0803	1	1	1	1	1	1	1	1
XIN_ENG_20090218.0151	2	1	2	1	2	1	2	1
AFP_ENG_19951122.0067	1	1	1	1	1	1	1	1
XIN_ENG_20051108.0160	2	1	2	2	1	1	2	1
AFP_ENG_20081127.0261	1	1	1	1	1	1	1	1
APW_ENG_19970709.1154	3	3	3	3	3	3	3	3
XIN_ENG_20010613.0061	2	2	2	2	2	2	2	2
AFP_ENG_19970306.0605	2	2	2	2	2	2	2	2
AFP_ENG_19960423.0327	1	1	1	1	1	1	1	1
AFP_ENG_19951112.0065	1	1	1	1	1	1	1	1
APW_ENG_20070815.1188	1	1	1	1	1	1	1	1
APW_ENG_19970709.1217	2	2	2	2	2	2	2	2
AFP_ENG_20060630.0535	3	3	3	3	3	3	3	3
AFP_ENG_20070418.0167	2	2	2	2	2	2	2	2
AFP_ENG_20070421.0159	3	3	3	3	3	3	3	3
APW_ENG_20070829.1011	2	1	2	1	2	1	2	1
XIN_ENG_20090208.0195	2	2	2	2	2	2	2	2
AFP_ENG_19951122.0121	3	3	3	3	3	3	3	3
NYT_ENG_19980911.0069	2	1	2	1	2	1	2	1
NYT_ENG_20100424.0083	2	1	2	1	2	1	2	1
APW_ENG_20030513.0562	1	1	1	1	1	1	1	1
NYT_ENG_20100421.0104	3	1	3	1	3	1	3	1
APW_ENG_20041223.0005	2	1	2	1	2	1	2	1
APW_ENG_20030530.0581	1	3	1	3	1	3	1	3
AFP_ENG_19951128.0366	1	1	1	1	1	1	1	1
NYT_ENG_20030513.0086	2	1	2	1	2	1	2	1
APW_ENG_20050622.0893	1	1	1	1	1	1	1	1
NYT_ENG_19980923.0137	2	1	2	1	2	1	2	1
NYT_ENG_20100424.0111	3	3	3	3	3	3	3	3
APW_ENG_20030513.0576	2	1	2	1	2	1	2	1
APW_ENG_20030527.0482	2	1	2	1	2	1	2	1
XIN_ENG_20090219.0037	1	1	1	1	1	1	1	1
AFP_ENG_20070419.0578	1	1	1	1	1	1	1	1
XIN_ENG_20010613.0284	1	1	1	1	1	1	1	1
AFP_ENG_20060616.0040	3	3	3	3	3	3	3	3
AFP_ENG_20070418.0518	1	1	1	1	1	1	1	1
NYT_ENG_20100422.0188	3	3	3	3	3	3	3	3
APW_ENG_20090818.1187	2	1	2	1	2	1	2	1
APW_ENG_20050627.0951	1	1	1	1	1	1	1	1
AFP_ENG_20060627.0546	3	3	3	3	3	3	3	3
AFP_ENG_20070118.0734	2	2	2	2	2	2	2	2
AFP_ENG_19960423.0316	3	3	2	3	2	3	2	3
AFP_ENG_20070424.0602	2	1	1	1	1	1	1	1
XIN_ENG_20010623.0127	1	1	1	1	1	1	1	1
AFP_ENG_20070430.0212	2	1	2	1	2	1	2	1
AFP_ENG_20070417.0119	1	1	1	1	1	1	1	1
XIN_ENG_19980215.0078	1	1	1	1	1	1	1	1
APW_ENG_20030530.0610	2	1	1	1	1	1	1	1
XIN_ENG_20010622.0008	1	1	1	1	1	1	1	1
AFP_ENG_19970306.0029	2	1	2	1	2	1	2	1
AFP_ENG_20070426.0424	1	1	1	1	1	1	1	1
NYT_ENG_20050524.0084	3	3	3	3	3	3	3	3
APW_ENG_19960514.0152	2	1	1	1	2	1	2	1
APW_ENG_19970704.0151	2	2	2	2	2	2	2	2
APW_ENG_20090805.1090	2	1	2	1	2	1	2	1
APW_ENG_19980815.0619	2	2	1	1	2	2	2	2
APW_ENG_20030509.0677	2	1	2	1	2	1	2	1
APW_ENG_20070810.0086	1	1	1	1	1	1	1	1
APW_ENG_20070802.0716	1	1	1	1	1	1	1	1
APW_ENG_20030513.0856	2	2	2	2	2	2	2	2
XIN_ENG_20010622.0115	1	1	1	1	1	1	1	1
AFP_ENG_20060616.0099	2	2	2	2	2	2	2	2
AFP_ENG_20070421.0202	3	3	3	3	3	3	3	3
CNA_ENG_20090407.0038	2	1	1	1	1	1	1	1
XIN_ENG_20010613.0271	2	1	2	2	2	1	2	1
AFP_ENG_19951128.0427	2	1	1	1	1	1	1	1
XIN_ENG_20010614.0197	1	1	1	1	1	1	1	1
AFP_ENG_20060616.0112	2	2	2	2	2	2	2	2
AFP_ENG_20070417.0683	3	3	3	3	3	3	3	3
APW_ENG_20090806.0273	2	3	2	3	2	3	2	3
APW_ENG_19980831.0900	2	3	2	3	2	3	2	3
APW_ENG_20050612.0453	1	1	1	1	1	1	1	1
NYT_ENG_20060109.0117	3	3	3	3	3	3	3	3
APW_ENG_20041224.0161	2	1	2	1	2	1	2	1
CNA_ENG_20010306.0010	2	1	2	1	2	1	2	1
APW_ENG_20070830.0147	1	1	2	1	2	2	2	1
XIN_ENG_20090218.0179	2	1	1	1	1	1	1	1
AFP_ENG_20060627.0210	3	3	3	3	3	3	3	3
AFP_ENG_20060628.0145	1	1	1	1	1	1	1	1
AFP_ENG_20070115.0624	1	1	1	1	1	1	1	1
AFP_ENG_19960423.0364	2	1	2	1	1	1	2	1
APW_ENG_19980816.0806	3	3	3	3	2	2	3	3
APW_ENG_20090825.0977	1	1	1	1	1	1	1	1
APW_ENG_20050621.0151	1	3	1	3	1	3	1	3
NYT_ENG_20050524.0256	2	1	2	1	2	1	2	1
APW_ENG_19960521.0641	2	2	2	2	2	2	2	2
LTW_ENG_20060804.0118	3	3	3	3	3	3	3	3
APW_ENG_19960827.0121	2	2	2	2	2	2	2	2
XIN_ENG_19980207.0143	3	3	1	1	1	1	1	1
APW_ENG_20030530.0102	2	1	2	1	2	1	2	1
APW_ENG_20090806.0858	2	1	2	1	2	1	2	1
APW_ENG_19980823.0240	2	1	2	1	2	1	2	1
APW_ENG_20050614.0138	2	1	2	1	2	1	2	1
AFP_ENG_19970302.0331	1	1	1	1	1	1	1	1
AFP_ENG_20070422.0580	2	2	2	2	2	2	2	2
AFP_ENG_19960429.0094	1	1	1	1	1	1	1	1
AFP_ENG_19970302.0376	2	1	1	1	2	1	2	1
AFP_ENG_20070422.0576	3	3	3	3	3	3	3	3
AFP_ENG_19960428.0145	3	1	3	1	3	1	3	1
APW_ENG_19970701.0426	2	1	1	1	1	1	1	1
XIN_ENG_20080404.0192	2	2	2	2	2	2	2	2
AFP_ENG_19951107.0538	1	1	2	1	1	1	1	1
XIN_ENG_20090218.0022	1	1	1	1	1	1	1	1
XIN_ENG_20090228.0106	2	2	2	2	2	2	2	2
AFP_ENG_20070412.0424	1	1	1	1	1	1	1	1
XIN_ENG_20051128.0171	1	1	2	1	1	1	1	1
AFP_ENG_19960408.0367	1	1	1	1	1	1	1	1
LTW_ENG_20060509.0125	1	1	1	1	1	1	1	1
CNA_ENG_20010314.0017	2	1	1	1	1	1	1	1
XIN_ENG_20010618.0133	2	1	1	1	1	1	1	1
AFP_ENG_19970302.0424	2	2	2	2	2	2	2	2
APW_ENG_19960828.0507	1	1	1	1	2	1	1	1
AFP_ENG_19951102.0429	2	3	2	3	2	3	2	3
LTW_ENG_20060516.0038	2	1	2	1	2	1	2	1
NYT_ENG_20060104.0133	2	1	2	2	2	2	2	2
APW_ENG_19960518.0769	2	2	2	2	2	2	2	2
APW_ENG_19970712.0730	2	2	2	2	2	2	2	2
AFP_ENG_20070124.0139	1	1	1	1	1	1	1	1
APW_ENG_19960513.0206	1	1	1	1	1	1	1	1
CNA_ENG_20100717.0003	1	1	1	1	1	1	1	1
APW_ENG_20070830.0258	2	1	2	1	2	1	2	1
XIN_ENG_20071126.0217	1	1	1	1	2	1	1	1
AFP_ENG_20060612.0454	3	3	3	3	3	3	3	3
APW_ENG_19970715.0391	2	2	2	2	2	2	2	2
XIN_ENG_20010622.0252	1	1	1	1	1	1	1	1
AFP_ENG_20060601.0486	3	3	3	3	3	3	3	3
NYT_ENG_19980920.0104	2	1	2	1	2	1	2	1
NYT_ENG_20100414.0027	2	3	2	3	2	3	2	3
APW_ENG_20050620.0804	1	1	1	1	1	1	1	1
APW_ENG_20030508.0773	1	1	1	1	1	1	1	1
APW_ENG_19980812.0381	1	1	1	1	1	1	1	1
LTW_ENG_20060522.0048	2	1	2	1	2	1	2	1
APW_ENG_19960523.0083	2	2	2	2	2	2	2	2
APW_ENG_19960516.0178	1	1	1	1	1	1	1	1
APW_ENG_19970704.0466	2	3	2	3	2	3	2	3
AFP_ENG_19960401.0145	1	3	1	3	1	3	1	3
APW_ENG_20090808.0374	3	3	1	1	1	1	1	1
LTW_ENG_20060522.0047	2	1	2	1	2	1	2	1
CNA_ENG_20100725.0022	2	1	2	1	2	1	2	1
XIN_ENG_20010609.0147	1	1	1	1	1	1	1	1
AFP_ENG_20060619.0214	1	1	1	1	2	1	1	1
AFP_ENG_20081112.0785	1	1	1	1	1	1	1	1
AFP_ENG_20081127.0508	1	1	1	1	1	1	1	1
CNA_ENG_20030808.0007	1	1	1	1	1	1	1	1
NYT_ENG_19980924.0539	2	1	2	1	2	1	2	1
XIN_ENG_19970414.0076	2	1	2	1	2	1	2	1
APW_ENG_20050622.1215	2	1	2	2	2	1	2	1
AFP_ENG_20081106.0573	3	3	3	3	3	3	3	3
AFP_ENG_20081122.0514	2	1	2	1	2	1	2	1
CNA_ENG_20011211.0003	3	3	3	3	3	3	3	3
APW_ENG_19960831.0560	2	2	2	2	2	2	2	2
XIN_ENG_20051116.0089	1	1	1	1	1	1	1	1
APW_ENG_20030510.0136	2	2	2	2	2	2	2	2
XIN_ENG_19980224.0320	2	2	2	2	2	2	2	2
XIN_ENG_19980209.0022	1	1	1	1	1	1	1	1
APW_ENG_20050610.0958	1	1	1	1	1	1	1	1
CNA_ENG_20010305.0010	1	1	1	1	1	1	1	1
XIN_ENG_20010622.0278	1	1	1	1	1	1	1	1
AFP_ENG_20060625.0400	2	2	2	2	2	2	2	2
CNA_ENG_20100728.0046	1	1	1	1	1	1	1	1
XIN_ENG_20071126.0290	2	1	2	1	2	1	2	1
AFP_ENG_20060629.0464	1	1	1	1	1	1	1	1
XIN_ENG_19980204.0078	1	1	1	1	1	1	1	1
AFP_ENG_19960403.0170	1	1	1	1	1	1	1	1
CNA_ENG_20011201.0009	1	1	1	1	1	1	1	1
NYT_ENG_20060107.0169	2	1	2	1	2	1	2	1
APW_ENG_19960522.1052	2	2	2	2	2	2	2	2
LTW_ENG_20060801.0052	3	3	3	3	3	3	3	3
APW_ENG_19960513.0737	1	1	2	2	1	1	1	1
APW_ENG_19960515.0388	2	2	2	2	2	2	2	2
LTW_ENG_20060518.0054	2	1	2	1	2	1	2	1
AFP_ENG_20070402.0604	2	1	1	1	1	1	1	1
APW_ENG_20070822.0380	1	1	2	1	1	1	1	1
LTW_ENG_20060801.0035	2	1	2	1	2	1	2	1
NYT_ENG_20100519.0136	2	1	1	1	2	1	2	1
AFP_ENG_20081101.0122	3	3	3	3	3	3	3	3
APW_ENG_20070825.0114	2	1	2	1	2	1	2	1
NYT_ENG_19980923.0512	3	3	3	3	3	3	3	3
XIN_ENG_19970409.0085	1	1	1	1	2	1	1	1
APW_ENG_20030513.0493	2	1	2	1	1	1	2	1
APW_ENG_19970723.0536	1	1	1	1	1	1	1	1
XIN_ENG_20090210.0111	2	1	1	1	1	1	1	1
AFP_ENG_20060612.0022	3	3	3	3	3	3	3	3
NYT_ENG_19961209.0137	2	2	2	1	2	2	2	2
APW_ENG_20090802.0185	1	3	1	3	1	3	1	3
LTW_ENG_20060519.0185	1	1	1	1	1	1	1	1
APW_ENG_19970716.0176	2	2	2	2	2	2	2	2
XIN_ENG_20010619.0198	1	1	1	1	1	1	1	1
AFP_ENG_20060625.0460	2	2	2	2	2	2	2	2
APW_ENG_19970716.0229	3	3	3	3	3	3	3	3
XIN_ENG_20010618.0228	1	1	1	1	1	1	1	1
AFP_ENG_19970303.0019	1	1	1	1	1	1	1	1
APW_ENG_19980802.0029	1	1	1	1	1	1	1	1
XIN_ENG_20041115.0231	1	1	1	1	1	1	1	1
APW_ENG_20050622.0624	2	1	1	1	1	1	1	1
XIN_ENG_20010620.0125	1	1	1	1	1	1	1	1
AFP_ENG_20070126.0252	1	1	1	1	1	1	1	1
AFP_ENG_20070110.0596	3	3	3	3	3	3	3	3
APW_ENG_20030530.0118	2	1	1	1	2	1	2	1
XIN_ENG_20051129.0150	1	1	1	1	1	1	1	1
APW_ENG_20050624.0327	2	1	1	1	1	1	1	1
AFP_ENG_20070418.0036	2	1	1	1	1	1	1	1
AFP_ENG_19951104.0256	3	3	3	3	3	3	3	3
LTW_ENG_20060803.0085	2	1	2	1	2	1	2	1
NYT_ENG_20060110.0218	3	3	3	3	3	3	3	3
APW_ENG_19960513.1266	2	2	2	2	2	2	2	2
CNA_ENG_20011210.0008	1	1	1	1	1	1	1	1
AFP_ENG_20060604.0479	1	1	1	1	1	1	1	1
NYT_ENG_20030525.0030	2	1	2	1	2	1	2	1
APW_ENG_20050622.1403	1	1	1	1	1	1	1	1
NYT_ENG_20100403.0006	2	1	2	1	2	1	2	1
XIN_ENG_19970416.0164	1	1	1	1	1	1	1	1
APW_ENG_20050614.0466	1	1	1	1	1	1	1	1
CNA_ENG_20090417.0009	1	1	1	1	1	1	1	1
XIN_ENG_20010608.0337	2	2	2	2	2	2	2	2
AFP_ENG_20060623.0449	2	3	1	3	1	3	1	3
NYT_ENG_19961204.0200	2	3	2	3	2	3	2	3
APW_ENG_19960516.0173	2	1	2	1	2	1	2	1
LTW_ENG_20060803.0112	1	1	1	1	1	1	1	1
CNA_ENG_20101202.0021	1	1	2	1	1	1	1	1
XIN_ENG_20010614.0098	1	1	1	1	1	1	1	1
AFP_ENG_19951122.0360	1	3	1	3	1	3	1	3
AFP_ENG_19960404.0568	2	1	2	1	1	1	2	1
APW_ENG_19960517.0150	2	1	2	1	2	1	2	1
APW_ENG_19970704.0861	2	2	2	2	2	2	2	2
XIN_ENG_19980209.0106	1	1	1	1	1	1	1	1
AFP_ENG_19960408.0102	1	1	1	1	1	1	1	1
LTW_ENG_20060501.0008	2	1	2	2	2	1	2	1
AFP_ENG_19970323.0387	2	2	2	2	2	2	2	2
AFP_ENG_19951102.0082	1	1	1	1	1	1	1	1
LTW_ENG_20060803.0114	1	1	1	1	1	1	1	1
LTW_ENG_20080525.0008	2	1	2	1	2	1	2	1
APW_ENG_19960514.0200	1	1	1	1	1	1	1	1
LTW_ENG_20060501.0015	2	1	2	2	2	2	2	2
APW_ENG_19970703.0420	2	2	2	2	2	2	2	2
XIN_ENG_20090223.0277	2	1	2	1	2	2	2	1
AFP_ENG_20060625.0410	2	2	2	2	2	2	2	2
NYT_ENG_20080828.0126	2	1	2	1	2	1	2	1
AFP_ENG_20081107.0752	1	1	1	1	1	1	1	1
APW_ENG_20050614.0545	1	1	1	1	1	1	1	1
APW_ENG_20030531.0338	1	1	2	1	2	1	2	1
XIN_ENG_20051128.0078	1	1	1	1	1	1	1	1
APW_ENG_20050613.0288	1	1	1	1	1	1	1	1
NYT_ENG_19961210.0676	3	3	3	3	3	3	3	3
APW_ENG_19960520.0613	1	1	1	1	1	1	1	1
LTW_ENG_20060801.0044	1	1	1	1	2	1	1	1
NYT_ENG_20060127.0128	2	1	2	1	2	1	2	1
AFP_ENG_19960408.0192	1	1	1	1	1	1	1	1
CNA_ENG_20100720.0037	2	1	1	1	1	1	1	1
AFP_ENG_20060606.0264	3	3	3	3	3	3	3	3
APW_ENG_20070817.0162	2	3	2	3	2	3	2	3
APW_ENG_19970704.0971	2	2	2	2	2	2	2	2
NYT_ENG_19980922.0356	2	2	2	1	2	1	2	1
NYT_ENG_20100415.0211	2	1	2	1	2	1	2	1
APW_ENG_20050624.0283	2	1	2	1	2	1	2	1
XIN_ENG_19980227.0238	1	1	1	1	1	1	1	1
XIN_ENG_19980210.0113	1	1	1	1	1	1	1	1
APW_ENG_20050616.0850	1	1	1	1	1	1	1	1
XIN_ENG_20051122.0345	2	2	2	2	2	2	2	2
AFP_ENG_20081102.0153	2	2	2	2	2	2	2	2
APW_ENG_19970704.0955	3	3	3	3	3	3	3	3
APW_ENG_19960822.0801	1	1	1	1	1	1	1	1
XIN_ENG_19980210.0136	1	1	1	1	1	1	1	1
APW_ENG_20050620.0977	1	1	1	1	1	1	1	1
XIN_ENG_20031023.0129	2	2	2	2	2	2	2	2
APW_ENG_19960522.0614	2	2	2	2	2	2	2	2
LTW_ENG_20060804.0027	2	1	2	1	2	1	2	1
APW_ENG_20050601.1088	2	1	2	1	2	1	2	1
XIN_ENG_20051102.0285	1	1	1	1	1	1	1	1
APW_ENG_20050613.0383	1	1	1	1	1	1	1	1
XIN_ENG_19970415.0159	1	1	2	1	1	1	1	1
AFP_ENG_19960407.0417	1	1	1	1	1	1	1	1
LTW_ENG_20060530.0024	2	1	2	1	2	1	2	1
NYT_ENG_20060129.0111	1	1	1	1	1	1	1	1
AFP_ENG_20081128.0574	1	1	1	1	1	1	1	1
APW_ENG_19970704.0820	2	2	2	2	2	2	2	2
NYT_ENG_20060115.0048	2	2	2	1	2	1	2	1
APW_ENG_19960502.0785	1	1	1	1	1	1	1	1
APW_ENG_19970704.1056	2	2	2	2	2	2	2	2
AFP_ENG_20070404.0633	1	1	1	1	1	1	1	1
APW_ENG_20070822.1376	1	1	1	1	1	1	1	1
LTW_ENG_20060524.0025	2	1	2	1	2	1	2	1
APW_ENG_19960531.0156	2	2	2	2	2	2	2	2
APW_ENG_19960517.0850	2	2	2	2	2	2	2	2
APW_ENG_19970704.1123	2	3	2	3	2	3	2	3
XIN_ENG_20041109.0317	1	1	2	2	2	2	2	2
XIN_ENG_20051120.0160	1	1	1	1	1	1	1	1
APW_ENG_20030525.0315	2	2	2	1	2	1	2	1
AFP_ENG_19951109.0004	1	1	1	1	1	1	1	1
APW_ENG_19960531.0007	2	2	2	2	2	2	2	2
LTW_ENG_20060519.0021	3	3	3	3	3	3	3	3
NYT_ENG_19961210.0588	2	1	2	1	1	1	2	1
APW_ENG_19960528.1205	2	2	2	2	2	2	2	2
CNA_ENG_20011213.0018	1	1	1	1	1	1	1	1
APW_ENG_19980818.0764	2	1	2	1	2	1	2	1
AFP_ENG_20070117.0309	1	1	1	1	1	1	1	1
APW_ENG_20050623.0027	2	1	2	1	2	1	2	1
APW_ENG_19960521.1295	2	2	2	2	2	2	2	2
APW_ENG_19960824.0076	2	2	2	2	2	2	2	2
APW_ENG_20050613.0488	1	1	1	1	1	1	1	1
XIN_ENG_19970417.0206	1	1	1	1	1	1	1	1
AFP_ENG_19960408.0143	2	2	2	2	2	2	2	2
LTW_ENG_20060530.0055	2	1	2	2	2	1	2	1
AFP_ENG_20081114.5018	2	3	2	3	2	3	2	3
AFP_ENG_20081116.5006	1	1	1	1	1	1	1	1
LTW_ENG_20060531.0077	2	1	2	1	2	1	2	1
APW_ENG_19960521.0375	2	2	2	2	2	2	2	2
APW_ENG_20090812.0454	1	1	1	1	1	1	1	1
CNA_ENG_20100715.0014	1	3	1	3	1	3	1	3
APW_ENG_19970731.0326	3	3	2	2	2	2	2	2
XIN_ENG_20071127.0046	1	1	1	1	1	1	1	1
AFP_ENG_20060629.0629	3	3	3	3	3	3	3	3
APW_ENG_20050603.0788	1	1	1	1	1	1	1	1
AFP_ENG_19951102.0077	1	1	1	1	1	1	1	1
LTW_ENG_20060502.0062	2	1	2	1	2	2	2	1
APW_ENG_19960519.0145	2	2	2	2	2	2	2	2
APW_ENG_19960517.0267	2	2	2	2	2	2	2	2
LTW_ENG_20060524.0076	2	1	2	2	2	2	2	2
NYT_ENG_20100506.0018	2	1	2	1	2	1	2	1
APW_ENG_19960529.1067	3	2	3	2	3	2	3	2
AFP_ENG_19951102.0064	3	3	3	3	3	3	3	3
AFP_ENG_19970326.0356	2	1	2	1	2	1	2	1
AFP_ENG_19951103.0037	1	1	1	1	1	1	1	1
LTW_ENG_20060804.0082	3	3	1	1	1	1	1	1
NYT_ENG_20100506.0140	2	2	2	2	2	2	2	2
APW_ENG_19960515.0682	2	2	2	2	2	2	2	2
LTW_ENG_20060515.0043	1	1	1	1	1	1	1	1
XIN_ENG_20051107.0337	1	1	1	1	1	1	1	1
APW_ENG_19960520.0875	2	2	2	2	2	2	2	2
LTW_ENG_20060531.0092	2	1	2	1	2	1	2	1
CNA_ENG_20101213.0016	2	2	2	2	2	2	2	2
XIN_ENG_20071127.0035	2	2	2	2	2	2	2	2
AFP_ENG_20060623.0591	3	3	3	3	3	3	3	3
NYT_ENG_19980930.0011	3	3	2	2	2	2	2	2
NYT_ENG_20080804.0154	2	1	2	1	2	1	2	1
APW_ENG_20030513.0582	1	1	1	1	1	1	1	1
LTW_ENG_20060502.0059	2	1	2	1	2	1	2	1
XIN_ENG_20010614.0217	1	1	1	1	1	1	1	1
AFP_ENG_19951122.0523	2	2	2	2	2	2	2	2
LTW_ENG_20060502.0083	3	3	3	3	3	3	3	3
XIN_ENG_20010620.0020	1	1	1	1	1	1	1	1
AFP_ENG_20060629.0665	1	1	1	1	1	1	1	1
APW_ENG_19970725.0988	2	2	2	2	2	2	2	2
XIN_ENG_20090210.0280	1	1	1	1	1	1	1	1
AFP_ENG_20060629.0655	2	2	2	2	2	2	2	2
LTW_ENG_20060621.0158	1	1	1	1	1	1	1	1
XIN_ENG_20051125.0290	2	2	2	2	2	2	2	2
APW_ENG_20050618.0365	2	1	2	1	1	1	2	1
XIN_ENG_20010625.0160	1	1	1	1	1	1	1	1
AFP_ENG_20070131.0397	3	3	3	3	3	3	3	3
AFP_ENG_20070111.0588	1	1	1	1	1	1	1	1
NYT_ENG_20050526.0268	2	3	2	3	2	3	2	3
APW_ENG_20070816.0493	2	1	2	1	2	1	2	1
CNA_ENG_20011217.0007	1	1	1	1	1	1	1	1
AFP_ENG_20081119.0329	1	1	1	1	1	1	1	1
AFP_ENG_19960401.0026	1	1	1	1	1	1	1	1
LTW_ENG_20060526.0061	3	3	3	3	3	3	3	3
AFP_ENG_20070423.0279	1	1	1	1	1	1	1	1
AFP_ENG_19951102.0293	2	2	2	2	2	2	2	2
LTW_ENG_20060804.0116	2	1	2	1	2	1	2	1
APW_ENG_20070801.0211	2	1	1	1	1	1	1	1
AFP_ENG_20081127.0691	2	1	1	1	1	1	1	1
LTW_ENG_20060809.0101	2	1	2	1	2	1	2	1
AFP_ENG_19951111.0149	1	1	1	1	1	1	1	1
APW_ENG_19960520.0532	2	2	2	2	2	2	2	2
APW_ENG_19970705.0117	1	1	1	1	1	1	1	1
CNA_ENG_20090429.0032	2	1	2	1	2	1	2	1
XIN_ENG_20041119.0054	1	1	1	1	1	1	1	1
APW_ENG_20030510.0313	1	1	1	1	1	1	1	1
NYT_ENG_20060121.0078	2	1	2	2	2	1	2	1
APW_ENG_19960526.0165	1	1	1	1	1	1	1	1
LTW_ENG_20060502.0118	1	1	1	1	1	1	1	1
AFP_ENG_20060605.0269	1	1	1	1	1	1	1	1
APW_ENG_19980814.0712	3	3	2	2	2	2	2	2
LTW_ENG_20060502.0122	1	1	1	1	1	1	1	1
APW_ENG_19970722.0358	1	1	1	1	2	1	1	1
APW_ENG_20070820.1128	2	1	2	1	2	1	2	1
CNA_ENG_20100723.0045	1	1	1	1	1	1	1	1
AFP_ENG_20070424.0032	1	1	1	1	1	1	1	1
AFP_ENG_19951106.0415	1	1	1	1	1	1	1	1
APW_ENG_19970705.0203	1	1	1	1	1	1	1	1
AFP_ENG_20060609.0391	2	1	2	1	2	1	2	1
APW_ENG_20070822.0160	2	1	2	1	2	1	2	1
LTW_ENG_20060804.0149	1	1	1	1	1	1	1	1
CNA_ENG_20101221.0038	2	1	2	1	2	1	2	1
XIN_ENG_20071127.0130	2	3	2	3	2	3	2	3
AFP_ENG_20060629.0710	2	2	2	2	2	2	2	2
APW_ENG_20030504.0016	2	2	2	2	2	2	2	2
APW_ENG_19960519.0204	3	3	2	2	2	2	2	2
APW_ENG_19970705.0235	2	2	2	2	2	2	2	2
NYT_ENG_20100401.0141	2	1	2	1	2	1	2	1
XIN_ENG_19970417.0095	2	1	2	1	1	1	2	1
APW_ENG_20050624.0934	1	1	1	1	1	1	1	1
LTW_ENG_20060506.0129	2	1	2	1	2	2	2	1
XIN_ENG_20010611.0022	1	1	1	1	1	1	1	1
AFP_ENG_20060630.0231	3	3	3	3	3	3	3	3
XIN_ENG_20010628.0215	2	1	2	1	1	1	2	1
NYT_ENG_20060130.0071	2	1	2	1	2	1	2	1
APW_ENG_20050624.0145	1	1	1	1	1	1	1	1
AFP_ENG_20081101.0348	1	1	1	1	1	1	1	1
AFP_ENG_19951105.0142	2	2	2	2	2	2	2	2
APW_ENG_19970714.0075	1	1	1	1	1	1	1	1
LTW_ENG_20060513.0137	3	1	3	1	3	1	3	1
NYT_ENG_20060117.0341	2	1	2	1	2	1	2	1
APW_ENG_20050614.0780	1	1	1	1	1	1	1	1
XIN_ENG_20071115.0227	1	1	1	1	1	1	1	1
APW_ENG_19960519.0403	2	2	2	2	2	2	2	2
CNA_ENG_20011211.0006	1	1	1	1	1	1	1	1
XIN_ENG_19970426.0089	1	1	1	1	1	1	1	1
AFP_ENG_19960409.0246	1	1	1	1	1	1	1	1
LTW_ENG_20060531.0104	2	2	2	2	2	2	2	2
XIN_ENG_19970410.0074	1	1	1	1	1	1	1	1
AFP_ENG_19960403.0119	1	1	1	1	1	1	1	1
LTW_ENG_20060804.0104	2	1	2	1	2	1	2	1
XIN_ENG_20041110.0250	1	1	1	1	1	1	1	1
XIN_ENG_19980211.0324	1	1	1	1	1	1	1	1
APW_ENG_20050621.0398	2	1	2	1	2	1	2	1
AFP_ENG_20070425.0161	2	1	2	1	2	1	2	1
AFP_ENG_19951103.0205	1	1	1	1	1	1	1	1
LTW_ENG_20060503.0039	2	2	2	2	2	2	2	2
AFP_ENG_20060607.0298	1	1	1	1	1	1	1	1
APW_ENG_20070821.0729	1	1	1	1	1	1	1	1
LTW_ENG_20060505.0037	2	3	3	3	1	3	0	3
NYT_ENG_20100517.0034	1	1	1	1	1	1	1	1
APW_ENG_19960529.0061	2	2	2	2	2	2	2	2
LTW_ENG_20060811.0162	2	1	1	1	1	1	1	1
XIN_ENG_20010603.0113	2	2	1	1	1	1	1	1
AFP_ENG_19951102.0320	1	1	2	1	2	1	2	1
CNA_ENG_20091006.0045	1	1	1	1	1	1	1	1
APW_ENG_19960525.0234	1	1	1	1	1	1	1	1
APW_ENG_20090804.1337	1	1	1	1	1	1	1	1
APW_ENG_19970705.0090	2	2	2	2	2	2	2	2
NYT_ENG_19991026.0016	1	1	1	1	1	1	1	1
AFP_ENG_19970317.0685	1	1	1	1	1	1	1	1
AFP_ENG_20070428.0348	1	1	1	1	2	1	1	1
LTW_ENG_20031219.0119	3	1	3	1	3	1	3	1
XIN_ENG_20041120.0121	1	1	1	1	1	1	1	1
AFP_ENG_20070112.0425	3	3	3	3	3	3	3	3
AFP_ENG_19970326.0731	1	1	1	1	1	1	1	1
XIN_ENG_20051127.0107	1	1	1	1	1	1	1	1
APW_ENG_20050620.0150	2	1	2	1	2	1	2	1
XIN_ENG_19980224.0292	2	2	2	2	2	2	2	2
AFP_ENG_19960405.0408	1	1	1	1	1	1	1	1
LTW_ENG_20060503.0073	3	3	3	3	3	3	3	3
XIN_ENG_20051116.0160	1	1	1	1	1	1	1	1
APW_ENG_19960516.0799	2	2	2	2	2	2	2	2
LTW_ENG_20060808.0073	2	1	2	1	2	2	2	1
APW_ENG_19960816.0383	1	1	1	1	1	1	1	1
AFP_ENG_20081103.0466	2	1	2	1	2	1	2	1
LTW_ENG_20060510.0049	2	1	2	1	2	1	2	1
LTW_ENG_20060510.0127	1	1	1	1	1	1	1	1
XIN_ENG_20010621.0008	3	2	3	2	3	2	3	2
AFP_ENG_20060625.0179	1	1	1	1	1	1	1	1
XIN_ENG_19970430.0193	2	2	2	2	2	2	2	2
AFP_ENG_19960405.0123	1	1	1	1	1	1	1	1
LTW_ENG_20060503.0087	2	1	1	1	2	1	2	1
CNA_ENG_20090408.0042	1	1	1	1	1	1	1	1
XIN_ENG_20010626.0010	2	2	2	2	1	1	2	2
AFP_ENG_19951123.0149	2	2	2	2	2	2	2	2
NYT_ENG_20050503.0270	2	1	2	1	2	1	2	1
AFP_ENG_20081103.0548	1	1	1	1	1	1	1	1
LTW_ENG_20060524.0140	2	1	2	1	2	1	2	1
AFP_ENG_20081101.0189	2	1	1	1	2	1	2	1
AFP_ENG_19951104.0288	1	1	1	1	1	1	1	1
LTW_ENG_20060801.0075	2	2	2	2	2	1	2	2
AFP_ENG_20060607.0148	3	3	1	1	2	1	0	1
APW_ENG_20070820.0966	1	1	1	1	1	1	1	1
APW_ENG_19970705.0451	2	2	2	2	2	2	2	2
XIN_ENG_20041118.0030	1	3	1	3	1	3	1	3
XIN_ENG_20051122.0052	1	1	1	1	1	1	1	1
APW_ENG_20050620.0275	2	2	2	2	2	2	2	2
APW_ENG_19980814.1113	1	1	1	1	1	1	1	1
XIN_ENG_20051127.0223	1	1	1	1	1	1	1	1
APW_ENG_20050619.0249	2	1	1	1	1	1	1	1
XIN_ENG_20071104.0055	1	1	1	1	1	1	1	1
APW_ENG_19960522.1184	2	2	2	2	2	2	2	2
LTW_ENG_20060523.0010	3	3	3	3	3	3	3	3
AFP_ENG_19960410.0288	1	3	1	3	1	3	1	3
APW_ENG_19960530.0046	1	1	1	1	1	1	1	1
LTW_ENG_20060527.0015	2	3	2	3	2	3	2	3
NYT_ENG_19961213.0497	2	3	2	3	2	3	2	3
APW_ENG_19960525.0669	2	2	2	2	2	2	2	2
LTW_ENG_20060808.0130	1	1	1	1	1	1	1	1
APW_ENG_19980815.0411	2	2	2	2	2	2	2	2
XIN_ENG_19980212.0190	2	2	2	2	2	2	2	2
APW_ENG_20050620.1079	2	1	2	1	1	1	2	1
LTW_ENG_20060512.0052	2	3	2	3	2	3	2	3
XIN_ENG_20010611.0126	1	1	1	1	1	1	1	1
AFP_ENG_20060625.0489	1	1	1	1	1	1	1	1
APW_ENG_20030521.0412	2	1	1	1	2	1	2	1
APW_ENG_20070823.0111	1	1	1	1	1	1	1	1
LTW_ENG_20060520.0045	2	1	2	1	2	1	2	1
AFP_ENG_19951117.0249	1	1	1	1	1	1	1	1
APW_ENG_19960527.0673	2	2	2	2	2	2	2	2
APW_ENG_19970705.0532	2	2	2	2	2	2	2	2
AFP_ENG_19960411.0268	2	2	2	2	1	1	2	2
APW_ENG_20030501.0269	1	3	1	3	1	3	1	3
LTW_ENG_20060801.0115	2	1	2	1	2	1	2	1
CNA_ENG_20101219.0019	1	3	1	3	1	3	1	3
XIN_ENG_20010624.0115	2	2	2	2	2	2	2	2
AFP_ENG_19970302.0211	1	1	1	1	1	1	1	1
APW_ENG_19960531.0944	3	2	3	2	3	2	3	2
APW_ENG_19960518.0801	2	2	2	2	2	2	2	2
LTW_ENG_20060520.0074	2	2	2	2	2	2	2	2
AFP_ENG_20070416.0406	1	1	1	1	1	1	1	1
APW_ENG_20070824.0278	2	2	2	2	2	1	2	2
APW_ENG_19970705.0369	2	2	2	2	2	2	2	2
NYT_ENG_19980910.0425	2	1	2	1	2	1	2	1
AFP_ENG_19960424.0294	2	1	2	1	1	1	2	1
AFP_ENG_20060616.0256	3	3	3	3	3	3	3	3
APW_ENG_19970703.0941	2	2	2	2	2	2	2	2
XIN_ENG_20090219.0264	2	1	1	1	1	1	1	1
AFP_ENG_19951123.0164	1	1	1	1	1	1	1	1
APW_ENG_19980821.1097	2	2	2	2	2	2	2	2
AFP_ENG_19951104.0230	1	1	1	1	1	1	1	1
LTW_ENG_20060518.0133	2	3	1	3	1	3	1	3
XIN_ENG_20010618.0143	2	2	2	2	2	2	2	2
XIN_ENG_19980212.0241	2	2	2	2	2	1	2	2
APW_ENG_20050604.0642	1	1	1	1	1	1	1	1
APW_ENG_19970703.1113	2	2	2	2	2	2	2	2
XIN_ENG_20090210.0259	2	2	2	2	2	2	2	2
AFP_ENG_19951123.0215	2	1	2	1	2	1	2	1
NYT_ENG_20100427.0074	3	3	3	3	3	3	3	3
XIN_ENG_19970401.0257	2	2	2	2	2	2	2	2
APW_ENG_20050615.0091	1	1	1	1	1	1	1	1
AFP_ENG_19970304.0489	1	1	3	3	1	1	1	1
AFP_ENG_20070117.0225	1	1	1	1	1	1	1	1
AFP_ENG_19960424.0313	1	1	1	1	1	1	1	1
NYT_ENG_20080818.0144	2	1	2	1	2	1	2	1
AFP_ENG_20081109.0448	3	3	3	3	3	3	3	3
APW_ENG_20050625.0120	1	1	1	1	1	1	1	1
NYT_ENG_20080829.0211	2	2	1	1	2	2	2	2
APW_ENG_20041203.0361	2	1	2	1	2	1	2	1
AFP_ENG_20070429.0383	2	2	2	2	2	2	2	2
AFP_ENG_19970324.0010	1	1	1	1	1	1	1	1
AFP_ENG_20081106.0395	1	1	1	1	1	1	1	1
CNA_ENG_20010302.0012	1	1	1	1	1	1	1	1
AFP_ENG_19960418.0585	2	2	2	2	2	2	2	2
APW_ENG_19960529.1349	2	2	2	2	2	2	2	2
LTW_ENG_20060806.0016	2	1	2	1	2	2	2	1
AFP_ENG_19960417.0628	1	1	1	1	1	1	1	1
APW_ENG_20090809.0390	2	1	2	1	2	1	2	1
APW_ENG_19970710.0779	2	2	2	2	2	2	2	2
NYT_ENG_20080827.0233	2	1	2	1	2	1	2	1
APW_ENG_20041223.0304	1	3	1	3	1	3	1	3
APW_ENG_20030511.0122	1	1	1	1	1	1	1	1
XIN_ENG_20041112.0112	1	1	1	1	1	1	1	1
AFP_ENG_20081106.0445	1	1	1	1	1	1	1	1
CNA_ENG_20010322.0006	2	2	2	2	2	2	2	2
XIN_ENG_20010624.0036	1	1	1	1	1	1	1	1
AFP_ENG_20060618.0103	2	3	2	3	2	3	2	3
AFP_ENG_20070105.0450	1	3	1	3	1	3	1	3
AFP_ENG_20060611.0325	2	2	2	2	2	2	2	2
APW_ENG_20070824.0659	1	1	1	1	1	1	1	1
APW_ENG_19970711.0061	2	2	2	2	2	2	2	2
XIN_ENG_20010628.0187	1	1	1	1	1	1	1	1
AFP_ENG_19970309.0246	1	1	1	1	1	1	1	1
AFP_ENG_19951101.0206	1	1	1	1	1	1	1	1
XIN_ENG_20010628.0139	2	2	2	2	2	2	2	2
XIN_ENG_19970415.0193	1	1	1	1	1	1	1	1
APW_ENG_20030514.0541	2	2	2	2	2	2	2	2
AFP_ENG_19970310.0059	1	1	1	1	1	1	1	1
AFP_ENG_20070409.0188	2	2	2	2	2	2	2	2
AFP_ENG_20070421.0204	1	1	1	1	1	1	1	1
NYT_ENG_20080829.0062	3	2	3	2	3	2	3	2
APW_ENG_20090806.0394	1	1	1	1	1	1	1	1
APW_ENG_20030514.0304	2	2	2	2	2	2	2	2
APW_ENG_19970704.0669	2	2	2	2	2	2	2	2
XIN_ENG_20090220.0402	3	2	3	2	3	2	3	2
AFP_ENG_19951129.0273	2	1	2	1	2	1	2	1
APW_ENG_20070802.0788	2	1	2	2	1	1	2	1
APW_ENG_20090805.0523	1	1	1	1	2	1	1	1
APW_ENG_20050621.0724	1	1	1	1	1	1	1	1
NYT_ENG_20100523.0064	2	1	2	1	2	1	2	1
AFP_ENG_20081114.0572	1	1	1	1	1	1	1	1
APW_ENG_20050612.0460	2	1	2	1	1	1	2	1
AFP_ENG_19970305.0243	1	1	1	1	1	1	1	1
AFP_ENG_20070117.0342	1	1	1	1	1	1	1	1
AFP_ENG_20070419.0314	1	1	1	1	1	1	1	1
APW_ENG_19980817.0666	3	3	3	3	2	3	3	3
AFP_ENG_20081110.0394	1	1	1	1	1	1	1	1
APW_ENG_20050619.0670	2	1	2	1	2	1	2	1
NYT_ENG_20100414.0100	2	1	1	1	2	1	2	1
NYT_ENG_20100421.0031	1	1	1	1	1	1	1	1
APW_ENG_20030529.0210	2	1	2	1	2	1	2	1
APW_ENG_19970726.0256	2	2	2	2	2	2	2	2
XIN_ENG_20010619.0047	1	1	1	1	1	1	1	1
AFP_ENG_20060629.0370	3	3	3	3	3	3	3	3
AFP_ENG_20060630.0477	3	3	3	3	3	3	3	3
XIN_ENG_19980221.0091	1	1	1	1	1	1	1	1
APW_ENG_20030531.0017	1	1	1	1	1	1	1	1
LTW_ENG_20060502.0061	3	3	3	3	3	3	3	3
XIN_ENG_20010619.0061	1	1	1	1	1	1	1	1
AFP_ENG_19970303.0159	1	1	1	1	1	1	1	1
AFP_ENG_19951122.0448	2	3	2	3	2	3	2	3
APW_ENG_20090812.0218	1	1	1	1	1	1	1	1
APW_ENG_19970705.0593	2	2	2	2	2	2	2	2
APW_ENG_20070802.1586	1	1	1	1	1	1	1	1
AFP_ENG_20070122.0667	2	2	2	2	2	2	2	2
APW_ENG_20030529.0178	2	2	1	1	1	1	1	1
APW_ENG_19980810.0007	3	3	2	2	2	2	2	2
AFP_ENG_19951103.0172	1	1	1	1	1	1	1	1
APW_ENG_19970711.0216	2	1	2	1	2	1	2	1
XIN_ENG_20010630.0056	2	1	1	1	1	1	1	1
AFP_ENG_19970309.0429	2	1	1	1	1	1	1	1
AFP_ENG_20070423.0199	3	3	2	2	2	2	2	2
APW_ENG_20090806.1127	1	1	1	1	1	1	1	1
AFP_ENG_19951108.0116	2	1	1	1	1	1	1	1
CNA_ENG_20100730.0024	1	1	1	1	1	1	1	1
AFP_ENG_19970310.0516	1	1	1	1	1	1	1	1
AFP_ENG_20070424.0254	1	1	1	1	1	1	1	1
AFP_ENG_20070419.0350	1	1	1	1	1	1	1	1
XIN_ENG_19980210.0097	2	1	1	1	1	1	1	1
AFP_ENG_20060618.0158	3	3	3	3	3	3	3	3
AFP_ENG_20070422.0454	2	2	2	2	2	2	2	2
NYT_ENG_19991022.0274	2	1	2	1	2	1	2	1
XIN_ENG_20041119.0220	1	3	1	3	1	3	1	3
AFP_ENG_20070430.0617	2	2	2	2	2	2	2	2
AFP_ENG_20070110.0555	1	1	1	1	1	1	1	1
XIN_ENG_19980221.0200	2	2	2	2	2	2	2	2
APW_ENG_20050601.0204	1	1	1	1	1	1	1	1
XIN_ENG_19980201.0046	1	1	1	1	1	1	1	1
AFP_ENG_20060618.0176	3	3	3	3	3	3	3	3
AFP_ENG_20070413.0548	2	2	2	2	2	2	2	2
CNA_ENG_20101203.0032	1	1	1	1	1	1	1	1
XIN_ENG_20071127.0338	1	1	1	1	1	1	1	1
AFP_ENG_20060615.0091	3	3	3	3	3	3	3	3
LTW_ENG_20060519.0026	2	1	2	1	2	1	2	1
XIN_ENG_20010625.0195	1	1	1	1	1	1	1	1
AFP_ENG_20060626.0338	3	3	3	3	3	3	3	3
APW_ENG_20030511.0043	2	2	2	2	2	2	2	2
APW_ENG_19960528.0584	1	1	1	1	1	1	1	1
LTW_ENG_20060504.0115	2	1	2	1	2	1	2	1
AFP_ENG_19970306.0014	2	2	2	2	2	2	2	2
AFP_ENG_20070117.0480	3	3	3	3	3	3	3	3
AFP_ENG_19960424.0522	1	1	1	1	1	1	1	1
AFP_ENG_20060619.0291	3	3	3	3	3	3	3	3
APW_ENG_20070819.0005	3	3	3	3	3	3	3	3
APW_ENG_19970711.0347	2	3	2	3	2	3	2	3
APW_ENG_19970705.0755	2	2	2	2	2	2	2	2
XIN_ENG_20090221.0033	1	1	1	1	1	1	1	1
AFP_ENG_19951129.0354	1	1	1	1	1	1	1	1
APW_ENG_19980806.1054	2	2	2	2	2	2	2	2
APW_ENG_20090826.0445	1	1	1	1	1	1	1	1
APW_ENG_20030511.0160	1	1	1	1	1	1	1	1
APW_ENG_20070803.1317	1	1	1	1	1	1	1	1
AFP_ENG_20070123.0095	1	1	2	1	1	1	1	1
APW_ENG_20050601.0299	1	1	1	1	1	1	1	1
XIN_ENG_19980202.0117	3	3	3	3	3	3	3	3
AFP_ENG_19970311.0281	1	1	1	1	1	1	1	1
AFP_ENG_20070109.0243	1	1	1	1	1	1	1	1
XIN_ENG_20071121.0117	3	3	3	3	3	3	3	3
APW_ENG_19960524.0795	2	2	2	2	2	2	2	2
LTW_ENG_20060525.0001	2	1	2	1	2	1	2	1
AFP_ENG_19970311.0246	3	3	3	3	3	3	3	3
AFP_ENG_20070424.0359	2	2	2	2	2	2	2	2
AFP_ENG_20070419.0401	1	1	1	1	1	1	1	1
XIN_ENG_20010626.0173	1	1	1	1	1	1	1	1
AFP_ENG_20060618.0334	3	3	3	3	3	3	3	3
AFP_ENG_20070105.0181	2	2	2	2	2	2	2	2
APW_ENG_19970706.0221	2	3	2	3	2	3	2	3
XIN_ENG_20090221.0054	1	1	1	1	1	1	1	1
AFP_ENG_19951129.0375	1	1	1	1	1	1	1	1
APW_ENG_20070805.0671	1	1	1	1	1	1	1	1
APW_ENG_19980831.0815	1	1	1	1	1	1	1	1
APW_ENG_20030514.0658	1	1	1	1	1	1	1	1
XIN_ENG_20010627.0214	2	1	1	1	1	1	1	1
AFP_ENG_20060618.0316	2	2	2	2	2	2	2	2
AFP_ENG_20070111.0071	1	1	1	1	1	1	1	1
NYT_ENG_20100418.0125	2	1	2	1	2	1	2	1
XIN_ENG_19970409.0322	1	3	1	3	1	3	1	3
APW_ENG_20050617.0640	3	3	3	3	3	3	3	3
APW_ENG_20030511.0134	2	1	2	1	2	1	2	1
APW_ENG_19960522.0321	2	2	2	2	2	2	2	2
APW_ENG_19970711.0418	2	2	2	2	2	2	2	2
XIN_ENG_19980221.0081	1	1	2	1	1	1	1	1
AFP_ENG_20060618.0365	2	2	2	1	2	2	2	2
AFP_ENG_20070427.0036	1	1	1	1	1	1	1	1
APW_ENG_19970706.0592	2	2	2	2	2	2	2	2
XIN_ENG_20090219.0419	1	1	2	1	2	1	2	1
AFP_ENG_19970302.0486	2	1	2	2	2	2	2	2
AFP_ENG_20081109.0445	1	1	1	1	1	1	1	1
XIN_ENG_20051129.0354	1	1	1	1	1	1	1	1
APW_ENG_20050629.0154	1	1	1	1	1	1	1	1
APW_ENG_19970706.0691	2	2	2	2	2	2	2	2
XIN_ENG_20090219.0425	2	2	2	2	2	2	2	2
AFP_ENG_19970305.0654	2	1	2	1	1	1	2	1
AFP_ENG_19951117.0334	1	1	1	1	1	1	1	1
APW_ENG_20090806.0500	1	1	1	1	1	1	1	1
APW_ENG_19970710.0304	2	1	2	1	2	1	2	1
APW_ENG_19970705.0770	2	2	2	2	2	2	2	2
XIN_ENG_20080409.0207	1	1	1	1	1	1	1	1
AFP_ENG_19951130.0210	2	1	1	1	1	1	1	1
AFP_ENG_19970311.0640	1	1	1	1	1	1	1	1
AFP_ENG_20070424.0450	1	1	1	1	1	1	1	1
AFP_ENG_20070419.0449	2	2	2	2	2	2	2	2
XIN_ENG_20010627.0160	1	1	1	1	1	1	1	1
AFP_ENG_20060618.0424	1	1	1	1	1	1	1	1
AFP_ENG_20070105.0228	3	3	3	3	3	3	3	3
APW_ENG_19970706.0941	2	2	2	2	2	2	2	2
XIN_ENG_20090221.0094	2	2	2	2	2	2	2	2
AFP_ENG_19951129.0435	2	1	1	1	2	1	2	1
NYT_ENG_20100405.0024	3	3	3	3	3	3	3	3
AFP_ENG_20081115.0524	1	1	1	1	1	1	1	1
APW_ENG_20050626.0021	1	1	1	1	1	1	1	1
APW_ENG_19980825.0813	2	2	2	2	2	2	2	2
XIN_ENG_19980224.0002	1	1	1	1	1	1	1	1
APW_ENG_20030514.0465	1	1	1	1	1	1	1	1
APW_ENG_20070806.0156	2	1	2	1	2	1	2	1
APW_ENG_20090804.0720	1	1	1	1	1	1	1	1
APW_ENG_20050613.0929	2	1	2	1	2	2	2	1
AFP_ENG_19951126.0070	1	1	1	1	2	1	1	1
APW_ENG_20090812.1134	1	1	1	1	1	1	1	1
APW_ENG_19970711.0596	3	3	3	3	3	3	3	3
APW_ENG_19970707.0084	3	3	2	2	2	2	2	2
XIN_ENG_20090211.0244	1	1	1	1	1	1	1	1
AFP_ENG_20060624.0324	2	1	2	1	2	1	2	1
AFP_ENG_20070115.0013	3	3	3	3	3	3	3	3
XIN_ENG_19980223.0081	1	1	1	1	1	1	1	1
APW_ENG_20050601.0551	1	1	1	1	1	1	1	1
XIN_ENG_19980212.0263	1	1	2	1	1	1	1	1
AFP_ENG_19970304.0109	1	1	1	1	1	1	1	1
AFP_ENG_20070428.0491	2	2	2	2	2	2	2	2
AFP_ENG_20070424.0331	3	3	3	3	3	3	3	3
APW_ENG_20070820.0314	3	3	3	3	3	3	3	3
APW_ENG_19970706.0039	1	1	1	1	1	1	1	1
LTW_ENG_20031202.0068	2	2	2	1	2	1	2	1
XIN_ENG_19970401.0076	1	1	2	1	2	1	2	1
APW_ENG_20030514.0742	1	1	1	1	1	1	1	1
XIN_ENG_19980205.0010	1	1	1	1	1	1	1	1
AFP_ENG_20060618.0425	2	2	2	2	2	2	2	2
AFP_ENG_20070417.0240	1	1	1	1	1	1	1	1
LTW_ENG_20060523.0009	1	1	1	1	2	1	1	1
XIN_ENG_20010630.0042	2	2	2	2	2	2	2	2
AFP_ENG_19970302.0151	1	1	1	1	1	1	1	1
LTW_ENG_20080521.0114	2	1	2	1	2	1	2	1
AFP_ENG_20081107.0398	1	1	1	1	1	1	1	1
CNA_ENG_20010312.0016	2	1	1	1	2	1	2	1
CNA_ENG_20100705.0033	2	1	2	1	2	1	2	1
XIN_ENG_20010627.0009	2	2	2	2	2	2	2	2
AFP_ENG_20060624.0355	2	3	2	3	2	3	2	3
AFP_ENG_20060618.0122	2	1	1	1	1	1	1	1
APW_ENG_20070826.0367	1	1	1	1	1	1	1	1
APW_ENG_19970711.0673	1	1	1	1	1	1	1	1
AFP_ENG_19970312.0384	1	1	1	1	1	1	1	1
AFP_ENG_20070424.0539	2	2	2	2	2	2	2	2
AFP_ENG_19960424.0615	1	1	1	1	1	1	1	1
AFP_ENG_19970307.0414	1	1	1	1	1	1	1	1
AFP_ENG_20070424.0220	3	3	3	3	3	3	3	3
AFP_ENG_19960424.0612	1	1	1	1	1	1	1	1
NYT_ENG_19980908.0407	2	3	2	1	2	1	2	1
AFP_ENG_20060621.0700	2	1	2	1	2	1	2	1
AFP_ENG_20070419.0517	1	1	1	1	1	1	1	1
XIN_ENG_19980205.0190	1	1	1	1	2	1	1	1
AFP_ENG_19970311.0533	1	1	1	1	1	1	1	1
AFP_ENG_20070110.0060	1	1	1	1	1	1	1	1
NYT_ENG_19961202.0589	2	1	2	1	2	1	2	1
AFP_ENG_19960402.0421	1	1	2	1	1	1	1	1
APW_ENG_19970711.0687	2	3	2	3	2	3	2	3
XIN_ENG_19980213.0240	1	1	1	1	1	1	1	1
AFP_ENG_20060618.0496	1	1	1	1	1	1	1	1
AFP_ENG_20070423.0035	1	1	1	1	1	1	1	1
NYT_ENG_19991028.0179	2	3	3	1	3	2	3	0
XIN_ENG_20041106.0042	1	1	1	1	2	1	1	1
AFP_ENG_20070109.0080	3	3	3	3	3	3	3	3
AFP_ENG_20060616.0698	1	1	1	1	1	1	1	1
APW_ENG_19980824.0400	1	1	1	1	1	1	1	1
APW_ENG_19970706.0183	2	2	2	2	2	2	2	2
XIN_ENG_19980210.0161	2	2	2	2	2	2	2	2
AFP_ENG_20070425.0170	1	1	1	1	1	1	1	1
AFP_ENG_19960430.0416	2	2	2	2	1	1	2	2
APW_ENG_19980823.1072	2	2	2	2	2	2	2	2
AFP_ENG_20081111.0243	2	1	2	1	2	1	2	1
APW_ENG_20050620.0409	1	1	2	1	2	1	2	1
NYT_ENG_20080802.0122	2	1	2	1	2	1	2	1
XIN_ENG_19970415.0047	1	1	1	1	2	1	1	1
APW_ENG_20050627.0290	1	1	1	1	1	1	1	1
AFP_ENG_20081106.0814	2	1	1	1	1	1	1	1
AFP_ENG_19951109.0329	1	1	1	1	1	1	1	1
CNA_ENG_20011205.0004	1	1	1	1	1	1	1	1
AFP_ENG_20060619.0463	1	1	1	1	1	1	1	1
APW_ENG_20070809.0143	1	1	2	1	2	1	2	1
LTW_ENG_20060804.0021	2	3	2	3	2	3	2	3
APW_ENG_19980825.0398	2	2	2	2	2	2	2	2
XIN_ENG_19980216.0116	3	3	3	3	3	3	3	3
APW_ENG_20050622.0878	2	1	2	1	2	1	2	1
NYT_ENG_19961225.0291	2	3	2	3	2	3	2	3
APW_ENG_19960526.0496	3	3	2	1	2	1	2	1
LTW_ENG_20060525.0062	2	1	2	1	2	2	2	1
AFP_ENG_20081129.0135	1	1	1	1	1	1	1	1
AFP_ENG_19960412.0010	1	1	1	1	1	1	1	1
LTW_ENG_20060811.0005	3	3	3	3	3	3	3	3
XIN_ENG_20051113.0134	2	2	2	2	2	2	2	2
AFP_ENG_19951106.0470	1	1	1	1	1	1	1	1
CNA_ENG_20091028.0015	1	1	1	1	1	1	1	1
XIN_ENG_19980216.0062	2	1	1	1	2	1	2	1
XIN_ENG_19970418.0078	2	2	2	2	2	2	2	2
APW_ENG_20030501.0283	2	1	2	1	2	1	2	1
NYT_ENG_19991003.0634	2	3	2	3	2	3	2	3
APW_ENG_19960503.0661	2	2	2	2	2	2	2	2
CNA_ENG_20011205.0025	3	3	3	3	3	3	3	3
AFP_ENG_20081125.0291	1	1	1	1	1	1	1	1
AFP_ENG_20081105.0434	1	1	1	1	1	1	1	1
LTW_ENG_20060506.0007	3	3	3	3	3	3	3	3
XIN_ENG_20041102.0124	1	1	1	1	1	1	1	1
XIN_ENG_19970415.0144	2	2	2	2	2	2	2	2
APW_ENG_20050617.0063	1	1	1	1	1	1	1	1
NYT_ENG_20050502.0127	2	1	2	1	2	2	2	1
AFP_ENG_20081111.0086	1	1	1	1	1	1	1	1
APW_ENG_20050617.1040	2	1	1	1	1	1	1	1
LTW_ENG_20060513.0030	2	1	2	1	2	1	2	1
XIN_ENG_20010619.0317	2	1	1	1	2	1	2	1
AFP_ENG_19970303.0421	1	1	1	1	1	1	1	1
AFP_ENG_20060603.0304	3	3	3	3	3	3	3	3
APW_ENG_20090807.0101	2	1	1	1	1	1	1	1
CNA_ENG_20011206.0018	1	1	1	1	1	1	1	1
NYT_ENG_19961212.0481	2	1	2	1	2	2	2	1
AFP_ENG_20081126.0782	1	3	1	3	1	3	1	3
LTW_ENG_20060504.0048	1	3	1	3	1	3	1	3
APW_ENG_19980831.0173	2	2	2	2	2	2	2	2
XIN_ENG_20051123.0314	1	1	1	1	1	1	1	1
APW_ENG_20030511.0501	2	1	2	1	2	1	2	1
AFP_ENG_20060617.0182	1	1	2	2	1	1	1	1
APW_ENG_20070821.0479	1	1	1	1	1	1	1	1
APW_ENG_19970706.0577	2	2	2	2	2	2	2	2
LTW_ENG_20060530.0019	2	3	2	3	2	3	2	3
XIN_ENG_20010626.0123	1	1	1	1	1	1	1	1
AFP_ENG_20060626.0547	3	3	3	3	3	3	3	3
APW_ENG_20030517.0095	2	1	1	1	2	1	2	1
APW_ENG_19960530.0368	3	3	3	3	3	3	3	3
LTW_ENG_20060506.0012	2	1	2	1	2	2	2	1
CNA_ENG_20100707.0006	1	1	1	1	1	1	1	1
XIN_ENG_20010628.0076	1	3	1	3	1	3	1	3
AFP_ENG_20060626.0077	1	1	1	1	1	1	1	1
LTW_ENG_20060518.0137	2	1	2	1	2	1	2	1
XIN_ENG_20071128.0216	1	1	1	1	1	1	1	1
AFP_ENG_20060630.0420	3	3	3	3	3	3	3	3
AFP_ENG_19960404.0460	1	1	1	1	1	1	1	1
AFP_ENG_19960410.0217	1	1	1	1	1	1	1	1
LTW_ENG_20060805.0129	2	1	2	1	2	1	2	1
AFP_ENG_19960401.0263	1	1	1	1	1	1	1	1
AFP_ENG_19960413.0035	2	2	2	2	2	2	2	2
LTW_ENG_20060505.0132	1	1	1	1	1	1	1	1
NYT_ENG_20050504.0016	2	1	2	1	2	1	2	1
AFP_ENG_20081111.0192	1	1	1	1	1	1	1	1
APW_ENG_20050620.0646	2	1	2	1	1	1	2	1
XIN_ENG_19970408.0122	2	1	2	1	2	1	2	1
APW_ENG_20041204.0064	2	1	1	1	2	1	2	1
AFP_ENG_20070111.0270	2	2	2	2	2	2	2	2
AFP_ENG_20070115.0176	3	3	3	3	3	3	3	3
XIN_ENG_20051123.0019	1	1	2	1	1	1	1	1
APW_ENG_20050625.0316	3	3	3	3	3	3	3	3
AFP_ENG_20081114.0161	1	1	1	1	1	1	1	1
AFP_ENG_19951103.0482	2	1	2	1	2	1	2	1
LTW_ENG_20060820.0034	2	1	2	1	2	1	2	1
AFP_ENG_19970318.0501	2	2	2	2	2	2	2	2
NYT_ENG_19961210.0271	1	1	1	1	1	1	1	1
APW_ENG_19970710.0823	1	1	1	1	1	1	1	1
LTW_ENG_20060506.0109	1	1	1	1	1	1	1	1
XIN_ENG_20071128.0249	2	2	2	2	2	2	2	2
AFP_ENG_20060630.0446	3	3	3	3	3	3	3	3
AFP_ENG_20060621.0561	1	1	1	1	1	1	1	1
APW_ENG_20070827.0182	2	1	1	1	2	2	2	1
APW_ENG_19970706.0619	2	2	2	2	2	2	2	2
APW_ENG_19980822.0263	2	2	2	2	2	2	2	2
AFP_ENG_19951107.0374	1	1	1	1	1	1	1	1
LTW_ENG_20060525.0146	1	1	1	1	1	1	1	1
NYT_ENG_20080817.0184	2	3	2	3	2	3	2	3
NYT_ENG_20100426.0073	2	1	2	1	2	1	2	1
APW_ENG_20050613.0705	1	1	1	1	1	1	1	1
XIN_ENG_20080401.0117	1	1	1	1	1	1	1	1
APW_ENG_20090807.0547	1	1	1	1	1	1	1	1
CNA_ENG_20100728.0031	1	1	1	1	1	1	1	1
XIN_ENG_20080401.0203	1	1	1	1	1	1	1	1
APW_ENG_19960524.0361	3	3	3	3	3	3	3	3
CNA_ENG_20011208.0012	1	1	1	1	1	1	1	1
CNA_ENG_20100727.0026	1	1	1	1	1	1	1	1
XIN_ENG_20010627.0172	2	2	2	2	2	2	2	2
AFP_ENG_20060625.0077	3	3	3	3	3	3	3	3
AFP_ENG_20060622.0429	3	3	3	3	3	3	3	3
APW_ENG_20070827.0714	1	1	1	1	2	1	1	1
APW_ENG_19970713.0914	1	1	2	1	2	1	2	1
NYT_ENG_19980909.0446	1	1	2	1	2	1	2	1
AFP_ENG_19970326.0344	1	1	2	1	1	1	1	1
AFP_ENG_20070104.0536	3	3	3	3	3	3	3	3
AFP_ENG_20081108.0358	2	2	2	2	2	2	2	2
AFP_ENG_19951110.0095	2	1	2	1	2	1	2	1
LTW_ENG_20060531.0150	1	1	1	1	1	1	1	1
NYT_ENG_19991014.0112	2	3	2	3	2	3	2	3
APW_ENG_19960523.0735	2	2	2	2	2	2	2	2
APW_ENG_19970715.0219	2	2	2	2	2	2	2	2
XIN_ENG_20071105.0424	1	1	1	1	1	1	1	1
